observation_date,UNRATE,quarter,year
1948-03-31,3.733333333333333,1,1948
1948-06-30,3.6666666666666665,2,1948
1948-09-30,3.766666666666667,3,1948
1948-12-31,3.8333333333333335,4,1948
1949-03-31,4.666666666666667,1,1949
1949-06-30,5.866666666666667,2,1949
1949-09-30,6.7,3,1949
1949-12-31,6.966666666666666,4,1949
1950-03-31,6.3999999999999995,1,1950
1950-06-30,5.566666666666666,2,1950
1950-09-30,4.633333333333334,3,1950
1950-12-31,4.233333333333333,4,1950
1951-03-31,3.5,1,1951
1951-06-30,3.1,2,1951
1951-09-30,3.1666666666666665,3,1951
1951-12-31,3.3666666666666667,4,1951
1952-03-31,3.0666666666666664,1,1952
1952-06-30,2.966666666666667,2,1952
1952-09-30,3.233333333333333,3,1952
1952-12-31,2.8333333333333335,4,1952
1953-03-31,2.6999999999999997,1,1953
1953-06-30,2.566666666666667,2,1953
1953-09-30,2.733333333333333,3,1953
1953-12-31,3.6999999999999997,4,1953
1954-03-31,5.266666666666667,1,1954
1954-06-30,5.8,2,1954
1954-09-30,5.966666666666666,3,1954
1954-12-31,5.333333333333333,4,1954
1955-03-31,4.733333333333333,1,1955
1955-06-30,4.3999999999999995,2,1955
1955-09-30,4.1000000000000005,3,1955
1955-12-31,4.233333333333333,4,1955
1956-03-31,4.033333333333333,1,1956
1956-06-30,4.2,2,1956
1956-09-30,4.133333333333334,3,1956
1956-12-31,4.133333333333334,4,1956
1957-03-31,3.9333333333333336,1,1957
1957-06-30,4.1000000000000005,2,1957
1957-09-30,4.233333333333333,3,1957
1957-12-31,4.933333333333334,4,1957
1958-03-31,6.3,1,1958
1958-06-30,7.366666666666667,2,1958
1958-09-30,7.333333333333333,3,1958
1958-12-31,6.366666666666667,4,1958
1959-03-31,5.833333333333333,1,1959
1959-06-30,5.1000000000000005,2,1959
1959-09-30,5.266666666666667,3,1959
1959-12-31,5.6000000000000005,4,1959
1960-03-31,5.133333333333334,1,1960
1960-06-30,5.233333333333333,2,1960
1960-09-30,5.533333333333334,3,1960
1960-12-31,6.266666666666666,4,1960
1961-03-31,6.8,1,1961
1961-06-30,7.0,2,1961
1961-09-30,6.766666666666667,3,1961
1961-12-31,6.2,4,1961
1962-03-31,5.633333333333333,1,1962
1962-06-30,5.533333333333334,2,1962
1962-09-30,5.566666666666666,3,1962
1962-12-31,5.533333333333334,4,1962
1963-03-31,5.766666666666667,1,1963
1963-06-30,5.733333333333333,2,1963
1963-09-30,5.5,3,1963
1963-12-31,5.566666666666666,4,1963
1964-03-31,5.466666666666666,1,1964
1964-06-30,5.2,2,1964
1964-09-30,5.0,3,1964
1964-12-31,4.966666666666666,4,1964
1965-03-31,4.8999999999999995,1,1965
1965-06-30,4.666666666666667,2,1965
1965-09-30,4.366666666666667,3,1965
1965-12-31,4.1000000000000005,4,1965
1966-03-31,3.8666666666666667,1,1966
1966-06-30,3.8333333333333335,2,1966
1966-09-30,3.766666666666667,3,1966
1966-12-31,3.6999999999999997,4,1966
1967-03-31,3.8333333333333335,1,1967
1967-06-30,3.8333333333333335,2,1967
1967-09-30,3.7999999999999994,3,1967
1967-12-31,3.9,4,1967
1968-03-31,3.733333333333333,1,1968
1968-06-30,3.5666666666666664,2,1968
1968-09-30,3.533333333333333,3,1968
1968-12-31,3.4,4,1968
1969-03-31,3.4,1,1969
1969-06-30,3.4333333333333336,2,1969
1969-09-30,3.5666666666666664,3,1969
1969-12-31,3.5666666666666664,4,1969
1970-03-31,4.166666666666667,1,1970
1970-06-30,4.766666666666667,2,1970
1970-09-30,5.166666666666667,3,1970
1970-12-31,5.833333333333333,4,1970
1971-03-31,5.933333333333334,1,1971
1971-06-30,5.900000000000001,2,1971
1971-09-30,6.033333333333334,3,1971
1971-12-31,5.933333333333334,4,1971
1972-03-31,5.766666666666667,1,1972
1972-06-30,5.7,2,1972
1972-09-30,5.566666666666666,3,1972
1972-12-31,5.366666666666667,4,1972
1973-03-31,4.933333333333334,1,1973
1973-06-30,4.933333333333334,2,1973
1973-09-30,4.8,3,1973
1973-12-31,4.766666666666667,4,1973
1974-03-31,5.133333333333333,1,1974
1974-06-30,5.2,2,1974
1974-09-30,5.633333333333333,3,1974
1974-12-31,6.6000000000000005,4,1974
1975-03-31,8.266666666666666,1,1975
1975-06-30,8.866666666666667,2,1975
1975-09-30,8.466666666666667,3,1975
1975-12-31,8.299999999999999,4,1975
1976-03-31,7.733333333333333,1,1976
1976-06-30,7.566666666666666,2,1976
1976-09-30,7.733333333333333,3,1976
1976-12-31,7.766666666666667,4,1976
1977-03-31,7.5,1,1977
1977-06-30,7.133333333333333,2,1977
1977-09-30,6.8999999999999995,3,1977
1977-12-31,6.666666666666667,4,1977
1978-03-31,6.333333333333333,1,1978
1978-06-30,6.0,2,1978
1978-09-30,6.033333333333334,3,1978
1978-12-31,5.8999999999999995,4,1978
1979-03-31,5.866666666666667,1,1979
1979-06-30,5.7,2,1979
1979-09-30,5.866666666666667,3,1979
1979-12-31,5.966666666666666,4,1979
1980-03-31,6.3,1,1980
1980-06-30,7.333333333333333,2,1980
1980-09-30,7.666666666666667,3,1980
1980-12-31,7.3999999999999995,4,1980
1981-03-31,7.433333333333334,1,1981
1981-06-30,7.3999999999999995,2,1981
1981-09-30,7.3999999999999995,3,1981
1981-12-31,8.233333333333334,4,1981
1982-03-31,8.833333333333334,1,1982
1982-06-30,9.433333333333334,2,1982
1982-09-30,9.9,3,1982
1982-12-31,10.666666666666666,4,1982
1983-03-31,10.366666666666667,1,1983
1983-06-30,10.133333333333333,2,1983
1983-09-30,9.366666666666667,3,1983
1983-12-31,8.533333333333333,4,1983
1984-03-31,7.866666666666667,1,1984
1984-06-30,7.433333333333334,2,1984
1984-09-30,7.433333333333334,3,1984
1984-12-31,7.3,4,1984
1985-03-31,7.233333333333333,1,1985
1985-06-30,7.3,2,1985
1985-09-30,7.2,3,1985
1985-12-31,7.033333333333334,4,1985
1986-03-31,7.033333333333334,1,1986
1986-06-30,7.166666666666667,2,1986
1986-09-30,6.966666666666666,3,1986
1986-12-31,6.833333333333333,4,1986
1987-03-31,6.599999999999999,1,1987
1987-06-30,6.266666666666667,2,1987
1987-09-30,6.0,3,1987
1987-12-31,5.833333333333333,4,1987
1988-03-31,5.7,1,1988
1988-06-30,5.466666666666666,2,1988
1988-09-30,5.466666666666666,3,1988
1988-12-31,5.333333333333333,4,1988
1989-03-31,5.2,1,1989
1989-06-30,5.233333333333333,2,1989
1989-09-30,5.233333333333333,3,1989
1989-12-31,5.366666666666667,4,1989
1990-03-31,5.3,1,1990
1990-06-30,5.333333333333333,2,1990
1990-09-30,5.7,3,1990
1990-12-31,6.133333333333333,4,1990
1991-03-31,6.6000000000000005,1,1991
1991-06-30,6.833333333333333,2,1991
1991-09-30,6.866666666666667,3,1991
1991-12-31,7.1000000000000005,4,1991
1992-03-31,7.366666666666667,1,1992
1992-06-30,7.6000000000000005,2,1992
1992-09-30,7.633333333333333,3,1992
1992-12-31,7.366666666666667,4,1992
1993-03-31,7.133333333333333,1,1993
1993-06-30,7.066666666666666,2,1993
1993-09-30,6.8,3,1993
1993-12-31,6.633333333333333,4,1993
1994-03-31,6.566666666666666,1,1994
1994-06-30,6.2,2,1994
1994-09-30,6.0,3,1994
1994-12-31,5.633333333333333,4,1994
1995-03-31,5.466666666666666,1,1995
1995-06-30,5.666666666666667,2,1995
1995-09-30,5.666666666666667,3,1995
1995-12-31,5.566666666666666,4,1995
1996-03-31,5.533333333333334,1,1996
1996-06-30,5.5,2,1996
1996-09-30,5.266666666666667,3,1996
1996-12-31,5.333333333333333,4,1996
1997-03-31,5.233333333333333,1,1997
1997-06-30,5.0,2,1997
1997-09-30,4.866666666666667,3,1997
1997-12-31,4.666666666666667,4,1997
1998-03-31,4.633333333333333,1,1998
1998-06-30,4.3999999999999995,2,1998
1998-09-30,4.533333333333333,3,1998
1998-12-31,4.433333333333334,4,1998
1999-03-31,4.3,1,1999
1999-06-30,4.266666666666667,2,1999
1999-09-30,4.233333333333333,3,1999
1999-12-31,4.066666666666666,4,1999
2000-03-31,4.033333333333333,1,2000
2000-06-30,3.9333333333333336,2,2000
2000-09-30,4.0,3,2000
2000-12-31,3.9,4,2000
2001-03-31,4.233333333333333,1,2001
2001-06-30,4.3999999999999995,2,2001
2001-09-30,4.833333333333333,3,2001
2001-12-31,5.5,4,2001
2002-03-31,5.7,1,2002
2002-06-30,5.833333333333333,2,2002
2002-09-30,5.733333333333333,3,2002
2002-12-31,5.866666666666667,4,2002
2003-03-31,5.866666666666667,1,2003
2003-06-30,6.133333333333333,2,2003
2003-09-30,6.133333333333333,3,2003
2003-12-31,5.833333333333333,4,2003
2004-03-31,5.7,1,2004
2004-06-30,5.599999999999999,2,2004
2004-09-30,5.433333333333334,3,2004
2004-12-31,5.433333333333334,4,2004
2005-03-31,5.3,1,2005
2005-06-30,5.1000000000000005,2,2005
2005-09-30,4.966666666666667,3,2005
2005-12-31,4.966666666666667,4,2005
2006-03-31,4.733333333333333,1,2006
2006-06-30,4.633333333333333,2,2006
2006-09-30,4.633333333333334,3,2006
2006-12-31,4.433333333333334,4,2006
2007-03-31,4.5,1,2007
2007-06-30,4.5,2,2007
2007-09-30,4.666666666666667,3,2007
2007-12-31,4.8,4,2007
2008-03-31,5.0,1,2008
2008-06-30,5.333333333333333,2,2008
2008-09-30,6.0,3,2008
2008-12-31,6.866666666666667,4,2008
2009-03-31,8.266666666666667,1,2009
2009-06-30,9.299999999999999,2,2009
2009-09-30,9.633333333333333,3,2009
2009-12-31,9.933333333333334,4,2009
2010-03-31,9.833333333333334,1,2010
2010-06-30,9.633333333333333,2,2010
2010-09-30,9.466666666666667,3,2010
2010-12-31,9.5,4,2010
2011-03-31,9.033333333333333,1,2011
2011-06-30,9.066666666666666,2,2011
2011-09-30,9.0,3,2011
2011-12-31,8.633333333333333,4,2011
2012-03-31,8.266666666666667,1,2012
2012-06-30,8.2,2,2012
2012-09-30,8.033333333333333,3,2012
2012-12-31,7.8,4,2012
2013-03-31,7.733333333333333,1,2013
2013-06-30,7.533333333333334,2,2013
2013-09-30,7.233333333333333,3,2013
2013-12-31,6.933333333333334,4,2013
2014-03-31,6.666666666666667,1,2014
2014-06-30,6.2,2,2014
2014-09-30,6.066666666666666,3,2014
2014-12-31,5.7,4,2014
2015-03-31,5.533333333333334,1,2015
2015-06-30,5.433333333333334,2,2015
2015-09-30,5.1000000000000005,3,2015
2015-12-31,5.033333333333333,4,2015
2016-03-31,4.8999999999999995,1,2016
2016-06-30,4.933333333333334,2,2016
2016-09-30,4.8999999999999995,3,2016
2016-12-31,4.766666666666667,4,2016
2017-03-31,4.566666666666666,1,2017
2017-06-30,4.366666666666667,2,2017
2017-09-30,4.333333333333333,3,2017
2017-12-31,4.166666666666667,4,2017
2018-03-31,4.033333333333333,1,2018
2018-06-30,3.9333333333333336,2,2018
2018-09-30,3.766666666666667,3,2018
2018-12-31,3.8333333333333335,4,2018
2019-03-31,3.8666666666666667,1,2019
2019-06-30,3.6333333333333333,2,2019
2019-09-30,3.6,3,2019
2019-12-31,3.6,4,2019
2020-03-31,3.8333333333333335,1,2020
2020-06-30,13.0,2,2020
2020-09-30,8.799999999999999,3,2020
2020-12-31,6.766666666666667,4,2020
2021-03-31,6.233333333333333,1,2021
2021-06-30,5.933333333333334,2,2021
2021-09-30,5.066666666666666,3,2021
2021-12-31,4.166666666666667,4,2021
2022-03-31,3.8666666666666667,1,2022
2022-06-30,3.6333333333333333,2,2022
2022-09-30,3.533333333333333,3,2022
2022-12-31,3.5666666666666664,4,2022
2023-03-31,3.533333333333333,1,2023
2023-06-30,3.533333333333333,2,2023
2023-09-30,3.6333333333333333,3,2023
2023-12-31,3.8000000000000003,4,2023
2024-03-31,3.8333333333333335,1,2024
2024-06-30,3.9666666666666663,2,2024
2024-09-30,4.166666666666667,3,2024
2024-12-31,4.133333333333333,4,2024
2025-03-31,4.133333333333334,1,2025
2025-06-30,4.2,2,2025
2025-09-30,4.333333333333333,3,2025
2025-12-31,4.45,4,2025
2026-03-31,4.35,1,2026
